Mes,Escenario,Unidades Vendidas (bolsas),Ingresos (€),COGS (€),Margen Bruto (€),OPEX (€),EBITDA (€),Margen EBITDA (%)
1,Conservador,300,840.0,546.0,294.0,19210.0,-18916.0,-2251.9%
1,Base,500,1400.0,910.0,490.0,19210.0,-18720.0,-1337.14%
1,Agresivo,750,2100.0,1365.0,735.0,19210.0,-18475.0,-879.76%
2,Conservador,480,1344.0,873.6,470.4,19210.0,-18739.6,-1394.32%
2,Base,800,2240.0,1456.0,784.0,19210.0,-18426.0,-822.59%
2,Agresivo,1200,3360.0,2184.0,1176.0,19210.0,-18034.0,-536.73%
3,Conservador,720,2016.0,1310.4,705.6,19210.0,-18504.4,-917.88%
3,Base,1200,3360.0,2184.0,1176.0,19210.0,-18034.0,-536.73%
3,Agresivo,1800,5040.0,3276.0,1764.0,19210.0,-17446.0,-346.15%
4,Conservador,1080,3024.0,1965.6,1058.4,19210.0,-18151.6,-600.25%
4,Base,1800,5040.0,3276.0,1764.0,19210.0,-17446.0,-346.15%
4,Agresivo,2700,7560.0,4914.0,2646.0,19210.0,-16564.0,-219.1%
5,Conservador,1440,4032.0,2620.8,1411.2,19210.0,-17798.8,-441.44%
5,Base,2400,6720.0,4368.0,2352.0,19210.0,-16858.0,-250.86%
5,Agresivo,3600,10080.0,6552.0,3528.0,19210.0,-15682.0,-155.58%
6,Conservador,1800,5040.0,3276.0,1764.0,19210.0,-17446.0,-346.15%
6,Base,3000,8400.0,5460.0,2940.0,19210.0,-16270.0,-193.69%
6,Agresivo,4500,12600.0,8190.0,4410.0,19210.0,-14800.0,-117.46%
7,Conservador,2100,5880.0,3822.0,2058.0,19210.0,-17152.0,-291.7%
7,Base,3500,9800.0,6370.0,3430.0,19210.0,-15780.0,-161.02%
7,Agresivo,5250,14700.0,9555.0,5145.0,19210.0,-14065.0,-95.68%
8,Conservador,2400,6720.0,4368.0,2352.0,19210.0,-16858.0,-250.86%
8,Base,4000,11200.0,7280.0,3920.0,19210.0,-15290.0,-136.52%
8,Agresivo,6000,16800.0,10920.0,5880.0,19210.0,-13330.0,-79.35%
9,Conservador,2700,7560.0,4914.0,2646.0,19210.0,-16564.0,-219.1%
9,Base,4500,12600.0,8190.0,4410.0,19210.0,-14800.0,-117.46%
9,Agresivo,6750,18900.0,12285.0,6615.0,19210.0,-12595.0,-66.64%
10,Conservador,3000,8400.0,5460.0,2940.0,19210.0,-16270.0,-193.69%
10,Base,5000,14000.0,9100.0,4900.0,19210.0,-14310.0,-102.21%
10,Agresivo,7500,21000.0,13650.0,7350.0,19210.0,-11860.0,-56.48%
11,Conservador,3300,9240.0,6006.0,3234.0,19210.0,-15976.0,-172.9%
11,Base,5500,15400.0,10010.0,5390.0,19210.0,-13820.0,-89.74%
11,Agresivo,8250,23100.0,15015.0,8085.0,19210.0,-11125.0,-48.16%
12,Conservador,3600,10080.0,6552.0,3528.0,19210.0,-15682.0,-155.58%
12,Base,6000,16800.0,10920.0,5880.0,19210.0,-13330.0,-79.35%
12,Agresivo,9000,25200.0,16380.0,8820.0,19210.0,-10390.0,-41.23%
13,Conservador,3000,8400.0,4050.0,4350.0,42781.0,-38431.0,-457.51%
13,Base,5000,14000.0,6750.0,7250.0,42781.0,-35531.0,-253.79%
13,Agresivo,7500,21000.0,10125.0,10875.0,42781.0,-31906.0,-151.93%
14,Conservador,3600,10080.0,4860.0,5220.0,42781.0,-37561.0,-372.63%
14,Base,6000,16800.0,8100.0,8700.0,42781.0,-34081.0,-202.86%
14,Agresivo,9000,25200.0,12150.0,13050.0,42781.0,-29731.0,-117.98%
15,Conservador,4200,11760.0,5670.0,6090.0,42781.0,-36691.0,-312.0%
15,Base,7000,19600.0,9450.0,10150.0,42781.0,-32631.0,-166.48%
15,Agresivo,10500,29400.0,14175.0,15225.0,42781.0,-27556.0,-93.73%
16,Conservador,4800,13440.0,6480.0,6960.0,42781.0,-35821.0,-266.53%
16,Base,8000,22400.0,10800.0,11600.0,42781.0,-31181.0,-139.2%
16,Agresivo,12000,33600.0,16200.0,17400.0,42781.0,-25381.0,-75.54%
17,Conservador,5400,15120.0,7290.0,7830.0,42781.0,-34951.0,-231.16%
17,Base,9000,25200.0,12150.0,13050.0,42781.0,-29731.0,-117.98%
17,Agresivo,13500,37800.0,18225.0,19575.0,42781.0,-23206.0,-61.39%
18,Conservador,6000,16800.0,8100.0,8700.0,42781.0,-34081.0,-202.86%
18,Base,10000,28000.0,13500.0,14500.0,42781.0,-28281.0,-101.0%
18,Agresivo,15000,42000.0,20250.0,21750.0,42781.0,-21031.0,-50.07%
19,Conservador,6600,18480.0,8910.0,9570.0,42781.0,-33211.0,-179.71%
19,Base,11000,30800.0,14850.0,15950.0,42781.0,-26831.0,-87.11%
19,Agresivo,16500,46200.0,22275.0,23925.0,42781.0,-18856.0,-40.81%
20,Conservador,7200,20160.0,9720.0,10440.0,42781.0,-32341.0,-160.42%
20,Base,12000,33600.0,16200.0,17400.0,42781.0,-25381.0,-75.54%
20,Agresivo,18000,50400.0,24300.0,26100.0,42781.0,-16681.0,-33.1%
21,Conservador,7800,21840.0,10530.0,11310.0,42781.0,-31471.0,-144.1%
21,Base,13000,36400.0,17550.0,18850.0,42781.0,-23931.0,-65.74%
21,Agresivo,19500,54600.0,26325.0,28275.0,42781.0,-14506.0,-26.57%
22,Conservador,8400,23520.0,11340.0,12180.0,42781.0,-30601.0,-130.11%
22,Base,14000,39200.0,18900.0,20300.0,42781.0,-22481.0,-57.35%
22,Agresivo,21000,58800.0,28350.0,30450.0,42781.0,-12331.0,-20.97%
23,Conservador,9000,25200.0,12150.0,13050.0,42781.0,-29731.0,-117.98%
23,Base,15000,42000.0,20250.0,21750.0,42781.0,-21031.0,-50.07%
23,Agresivo,22500,63000.0,30375.0,32625.0,42781.0,-10156.0,-16.12%
24,Conservador,9600,26880.0,12960.0,13920.0,42781.0,-28861.0,-107.37%
24,Base,16000,44800.0,21600.0,23200.0,42781.0,-19581.0,-43.71%
24,Agresivo,24000,67200.0,32400.0,34800.0,42781.0,-7981.0,-11.88%
25,Conservador,10200,28560.0,13770.0,14790.0,42781.0,-27991.0,-98.01%
25,Base,17000,47600.0,22950.0,24650.0,42781.0,-18131.0,-38.09%
25,Agresivo,25500,71400.0,34425.0,36975.0,42781.0,-5806.0,-8.13%
26,Conservador,10800,30240.0,14580.0,15660.0,42781.0,-27121.0,-89.69%
26,Base,18000,50400.0,24300.0,26100.0,42781.0,-16681.0,-33.1%
26,Agresivo,27000,75600.0,36450.0,39150.0,42781.0,-3631.0,-4.8%
27,Conservador,11100,31080.0,14985.0,16095.0,42781.0,-26686.0,-85.86%
27,Base,18500,51800.0,24975.0,26825.0,42781.0,-15956.0,-30.8%
27,Agresivo,27750,77700.0,37462.5,40237.5,42781.0,-2543.5,-3.27%
28,Conservador,11400,31920.0,15390.0,16530.0,42781.0,-26251.0,-82.24%
28,Base,19000,53200.0,25650.0,27550.0,42781.0,-15231.0,-28.63%
28,Agresivo,28500,79800.0,38475.0,41325.0,42781.0,-1456.0,-1.82%
29,Conservador,11700,32760.0,15795.0,16965.0,42781.0,-25816.0,-78.8%
29,Base,19500,54600.0,26325.0,28275.0,42781.0,-14506.0,-26.57%
29,Agresivo,29250,81900.0,39487.5,42412.5,42781.0,-368.5,-0.45%
30,Conservador,12000,33600.0,16200.0,17400.0,42781.0,-25381.0,-75.54%
30,Base,20000,56000.0,27000.0,29000.0,42781.0,-13781.0,-24.61%
30,Agresivo,30000,84000.0,40500.0,43500.0,42781.0,719.0,0.86%
31,Conservador,12300,34440.0,16605.0,17835.0,42781.0,-24946.0,-72.43%
31,Base,20500,57400.0,27675.0,29725.0,42781.0,-13056.0,-22.75%
31,Agresivo,30750,86100.0,41512.5,44587.5,42781.0,1806.5,2.1%
32,Conservador,12600,35280.0,17010.0,18270.0,42781.0,-24511.0,-69.48%
32,Base,21000,58800.0,28350.0,30450.0,42781.0,-12331.0,-20.97%
32,Agresivo,31500,88200.0,42525.0,45675.0,42781.0,2894.0,3.28%
33,Conservador,12600,35280.0,17010.0,18270.0,42781.0,-24511.0,-69.48%
33,Base,21000,58800.0,28350.0,30450.0,42781.0,-12331.0,-20.97%
33,Agresivo,31500,88200.0,42525.0,45675.0,42781.0,2894.0,3.28%
34,Conservador,12900,36120.0,17415.0,18705.0,42781.0,-24076.0,-66.66%
34,Base,21500,60200.0,29025.0,31175.0,42781.0,-11606.0,-19.28%
34,Agresivo,32250,90300.0,43537.5,46762.5,42781.0,3981.5,4.41%
35,Conservador,13200,36960.0,17820.0,19140.0,42781.0,-23641.0,-63.96%
35,Base,22000,61600.0,29700.0,31900.0,42781.0,-10881.0,-17.66%
35,Agresivo,33000,92400.0,44550.0,47850.0,42781.0,5069.0,5.49%
36,Conservador,13500,37800.0,18225.0,19575.0,42781.0,-23206.0,-61.39%
36,Base,22500,63000.0,30375.0,32625.0,42781.0,-10156.0,-16.12%
36,Agresivo,33750,94500.0,45562.5,48937.5,42781.0,6156.5,6.51%
