Mes,Escenario,Cobros (€),Pagos Proveedores (€),OPEX Cash (€),CAPEX (€),Flujo Neto (€),Saldo Acumulado (€),Inventario Valorado (€),Cuentas por Cobrar (€),Working Capital Neto (€)
1,Conservador,0.0,546.0,19210.0,40000.0,-59756.0,260244.0,136.5,840.0,430.5
2,Conservador,420.0,873.6,19210.0,20000.0,-39663.6,220580.4,218.4,1344.0,688.8
3,Conservador,1092.0,1310.4,19210.0,19500.0,-38928.4,181652.0,327.6,2016.0,1033.2
4,Conservador,1680.0,1965.6,19210.0,0.0,-19495.6,162156.4,491.4,3024.0,1549.8
5,Conservador,2520.0,2620.8,19210.0,0.0,-19310.8,142845.6,655.2,4032.0,2066.4
6,Conservador,3528.0,3276.0,19210.0,0.0,-18958.0,123887.6,819.0,5040.0,2583.0
7,Conservador,4536.0,3822.0,19210.0,0.0,-18496.0,105391.6,955.5,5880.0,3013.5
8,Conservador,5460.0,4368.0,19210.0,0.0,-18118.0,87273.6,1092.0,6720.0,3444.0
9,Conservador,6300.0,4914.0,19210.0,0.0,-17824.0,69449.6,1228.5,7560.0,3874.5
10,Conservador,7140.0,5460.0,19210.0,0.0,-17530.0,51919.6,1365.0,8400.0,4305.0
11,Conservador,7980.0,6006.0,19210.0,0.0,-17236.0,34683.6,1501.5,9240.0,4735.5
12,Conservador,8820.0,6552.0,19210.0,60000.0,-76942.0,-42258.4,1638.0,10080.0,5166.0
13,Conservador,9660.0,4050.0,39148.0,80000.0,-113538.0,-155796.4,1012.5,8400.0,5362.5
14,Conservador,9240.0,4860.0,39148.0,60000.0,-94768.0,-250564.4,1215.0,10080.0,6435.0
15,Conservador,9240.0,5670.0,39148.0,40000.0,-75578.0,-326142.4,1417.5,11760.0,7507.5
16,Conservador,10920.0,6480.0,39148.0,0.0,-34708.0,-360850.4,1620.0,13440.0,8580.0
17,Conservador,12600.0,7290.0,39148.0,0.0,-33838.0,-394688.4,1822.5,15120.0,9652.5
18,Conservador,14280.0,8100.0,39148.0,0.0,-32968.0,-427656.4,2025.0,16800.0,10725.0
19,Conservador,15960.0,8910.0,39148.0,0.0,-32098.0,-459754.4,2227.5,18480.0,11797.5
20,Conservador,17640.0,9720.0,39148.0,0.0,-31228.0,-490982.4,2430.0,20160.0,12870.0
21,Conservador,19320.0,10530.0,39148.0,0.0,-30358.0,-521340.4,2632.5,21840.0,13942.5
22,Conservador,21000.0,11340.0,39148.0,0.0,-29488.0,-550828.4,2835.0,23520.0,15015.0
23,Conservador,22680.0,12150.0,39148.0,0.0,-28618.0,-579446.4,3037.5,25200.0,16087.5
24,Conservador,24360.0,12960.0,39148.0,0.0,-27748.0,-607194.4,3240.0,26880.0,17160.0
25,Conservador,26040.0,13770.0,39148.0,0.0,-26878.0,-634072.4,3442.5,28560.0,18232.5
26,Conservador,27720.0,14580.0,39148.0,0.0,-26008.0,-660080.4,3645.0,30240.0,19305.0
27,Conservador,29400.0,14985.0,39148.0,0.0,-24733.0,-684813.4,3746.25,31080.0,19841.25
28,Conservador,30660.0,15390.0,39148.0,0.0,-23878.0,-708691.4,3847.5,31920.0,20377.5
29,Conservador,31500.0,15795.0,39148.0,0.0,-23443.0,-732134.4,3948.75,32760.0,20913.75
30,Conservador,32340.0,16200.0,39148.0,0.0,-23008.0,-755142.4,4050.0,33600.0,21450.0
31,Conservador,33180.0,16605.0,39148.0,0.0,-22573.0,-777715.4,4151.25,34440.0,21986.25
32,Conservador,34020.0,17010.0,39148.0,0.0,-22138.0,-799853.4,4252.5,35280.0,22522.5
33,Conservador,34860.0,17010.0,39148.0,0.0,-21298.0,-821151.4,4252.5,35280.0,22522.5
34,Conservador,35280.0,17415.0,39148.0,0.0,-21283.0,-842434.4,4353.75,36120.0,23058.75
35,Conservador,35700.0,17820.0,39148.0,0.0,-21268.0,-863702.4,4455.0,36960.0,23595.0
36,Conservador,36540.0,18225.0,39148.0,0.0,-20833.0,-884535.4,4556.25,37800.0,24131.25
1,Base,0.0,910.0,19210.0,40000.0,-60120.0,259880.0,227.5,1400.0,717.5
2,Base,700.0,1456.0,19210.0,20000.0,-39966.0,219914.0,364.0,2240.0,1148.0
3,Base,1820.0,2184.0,19210.0,19500.0,-39074.0,180840.0,546.0,3360.0,1722.0
4,Base,2800.0,3276.0,19210.0,0.0,-19686.0,161154.0,819.0,5040.0,2583.0
5,Base,4200.0,4368.0,19210.0,0.0,-19378.0,141776.0,1092.0,6720.0,3444.0
6,Base,5880.0,5460.0,19210.0,0.0,-18790.0,122986.0,1365.0,8400.0,4305.0
7,Base,7560.0,6370.0,19210.0,0.0,-18020.0,104966.0,1592.5,9800.0,5022.5
8,Base,9100.0,7280.0,19210.0,0.0,-17390.0,87576.0,1820.0,11200.0,5740.0
9,Base,10500.0,8190.0,19210.0,0.0,-16900.0,70676.0,2047.5,12600.0,6457.5
10,Base,11900.0,9100.0,19210.0,0.0,-16410.0,54266.0,2275.0,14000.0,7175.0
11,Base,13300.0,10010.0,19210.0,0.0,-15920.0,38346.0,2502.5,15400.0,7892.5
12,Base,14700.0,10920.0,19210.0,60000.0,-75430.0,-37084.0,2730.0,16800.0,8610.0
13,Base,16100.0,6750.0,39148.0,80000.0,-109798.0,-146882.0,1687.5,14000.0,8937.5
14,Base,15400.0,8100.0,39148.0,60000.0,-91848.0,-238730.0,2025.0,16800.0,10725.0
15,Base,15400.0,9450.0,39148.0,40000.0,-73198.0,-311928.0,2362.5,19600.0,12512.5
16,Base,18200.0,10800.0,39148.0,0.0,-31748.0,-343676.0,2700.0,22400.0,14300.0
17,Base,21000.0,12150.0,39148.0,0.0,-30298.0,-373974.0,3037.5,25200.0,16087.5
18,Base,23800.0,13500.0,39148.0,0.0,-28848.0,-402822.0,3375.0,28000.0,17875.0
19,Base,26600.0,14850.0,39148.0,0.0,-27398.0,-430220.0,3712.5,30800.0,19662.5
20,Base,29400.0,16200.0,39148.0,0.0,-25948.0,-456168.0,4050.0,33600.0,21450.0
21,Base,32200.0,17550.0,39148.0,0.0,-24498.0,-480666.0,4387.5,36400.0,23237.5
22,Base,35000.0,18900.0,39148.0,0.0,-23048.0,-503714.0,4725.0,39200.0,25025.0
23,Base,37800.0,20250.0,39148.0,0.0,-21598.0,-525312.0,5062.5,42000.0,26812.5
24,Base,40600.0,21600.0,39148.0,0.0,-20148.0,-545460.0,5400.0,44800.0,28600.0
25,Base,43400.0,22950.0,39148.0,0.0,-18698.0,-564158.0,5737.5,47600.0,30387.5
26,Base,46200.0,24300.0,39148.0,0.0,-17248.0,-581406.0,6075.0,50400.0,32175.0
27,Base,49000.0,24975.0,39148.0,0.0,-15123.0,-596529.0,6243.75,51800.0,33068.75
28,Base,51100.0,25650.0,39148.0,0.0,-13698.0,-610227.0,6412.5,53200.0,33962.5
29,Base,52500.0,26325.0,39148.0,0.0,-12973.0,-623200.0,6581.25,54600.0,34856.25
30,Base,53900.0,27000.0,39148.0,0.0,-12248.0,-635448.0,6750.0,56000.0,35750.0
31,Base,55300.0,27675.0,39148.0,0.0,-11523.0,-646971.0,6918.75,57400.0,36643.75
32,Base,56700.0,28350.0,39148.0,0.0,-10798.0,-657769.0,7087.5,58800.0,37537.5
33,Base,58100.0,28350.0,39148.0,0.0,-9398.0,-667167.0,7087.5,58800.0,37537.5
34,Base,58800.0,29025.0,39148.0,0.0,-9373.0,-676540.0,7256.25,60200.0,38431.25
35,Base,59500.0,29700.0,39148.0,0.0,-9348.0,-685888.0,7425.0,61600.0,39325.0
36,Base,60900.0,30375.0,39148.0,0.0,-8623.0,-694511.0,7593.75,63000.0,40218.75
1,Agresivo,0.0,1365.0,19210.0,40000.0,-60575.0,259425.0,341.25,2100.0,1076.25
2,Agresivo,1050.0,2184.0,19210.0,20000.0,-40344.0,219081.0,546.0,3360.0,1722.0
3,Agresivo,2730.0,3276.0,19210.0,19500.0,-39256.0,179825.0,819.0,5040.0,2583.0
4,Agresivo,4200.0,4914.0,19210.0,0.0,-19924.0,159901.0,1228.5,7560.0,3874.5
5,Agresivo,6300.0,6552.0,19210.0,0.0,-19462.0,140439.0,1638.0,10080.0,5166.0
6,Agresivo,8820.0,8190.0,19210.0,0.0,-18580.0,121859.0,2047.5,12600.0,6457.5
7,Agresivo,11340.0,9555.0,19210.0,0.0,-17425.0,104434.0,2388.75,14700.0,7533.75
8,Agresivo,13650.0,10920.0,19210.0,0.0,-16480.0,87954.0,2730.0,16800.0,8610.0
9,Agresivo,15750.0,12285.0,19210.0,0.0,-15745.0,72209.0,3071.25,18900.0,9686.25
10,Agresivo,17850.0,13650.0,19210.0,0.0,-15010.0,57199.0,3412.5,21000.0,10762.5
11,Agresivo,19950.0,15015.0,19210.0,0.0,-14275.0,42924.0,3753.75,23100.0,11838.75
12,Agresivo,22050.0,16380.0,19210.0,60000.0,-73540.0,-30616.0,4095.0,25200.0,12915.0
13,Agresivo,24150.0,10125.0,39148.0,80000.0,-105123.0,-135739.0,2531.25,21000.0,13406.25
14,Agresivo,23100.0,12150.0,39148.0,60000.0,-88198.0,-223937.0,3037.5,25200.0,16087.5
15,Agresivo,23100.0,14175.0,39148.0,40000.0,-70223.0,-294160.0,3543.75,29400.0,18768.75
16,Agresivo,27300.0,16200.0,39148.0,0.0,-28048.0,-322208.0,4050.0,33600.0,21450.0
17,Agresivo,31500.0,18225.0,39148.0,0.0,-25873.0,-348081.0,4556.25,37800.0,24131.25
18,Agresivo,35700.0,20250.0,39148.0,0.0,-23698.0,-371779.0,5062.5,42000.0,26812.5
19,Agresivo,39900.0,22275.0,39148.0,0.0,-21523.0,-393302.0,5568.75,46200.0,29493.75
20,Agresivo,44100.0,24300.0,39148.0,0.0,-19348.0,-412650.0,6075.0,50400.0,32175.0
21,Agresivo,48300.0,26325.0,39148.0,0.0,-17173.0,-429823.0,6581.25,54600.0,34856.25
22,Agresivo,52500.0,28350.0,39148.0,0.0,-14998.0,-444821.0,7087.5,58800.0,37537.5
23,Agresivo,56700.0,30375.0,39148.0,0.0,-12823.0,-457644.0,7593.75,63000.0,40218.75
24,Agresivo,60900.0,32400.0,39148.0,0.0,-10648.0,-468292.0,8100.0,67200.0,42900.0
25,Agresivo,65100.0,34425.0,39148.0,0.0,-8473.0,-476765.0,8606.25,71400.0,45581.25
26,Agresivo,69300.0,36450.0,39148.0,0.0,-6298.0,-483063.0,9112.5,75600.0,48262.5
27,Agresivo,73500.0,37462.5,39148.0,0.0,-3110.5,-486173.5,9365.62,77700.0,49603.12
28,Agresivo,76650.0,38475.0,39148.0,0.0,-973.0,-487146.5,9618.75,79800.0,50943.75
29,Agresivo,78750.0,39487.5,39148.0,0.0,114.5,-487032.0,9871.88,81900.0,52284.38
30,Agresivo,80850.0,40500.0,39148.0,0.0,1202.0,-485830.0,10125.0,84000.0,53625.0
31,Agresivo,82950.0,41512.5,39148.0,0.0,2289.5,-483540.5,10378.12,86100.0,54965.62
32,Agresivo,85050.0,42525.0,39148.0,0.0,3377.0,-480163.5,10631.25,88200.0,56306.25
33,Agresivo,87150.0,42525.0,39148.0,0.0,5477.0,-474686.5,10631.25,88200.0,56306.25
34,Agresivo,88200.0,43537.5,39148.0,0.0,5514.5,-469172.0,10884.38,90300.0,57646.88
35,Agresivo,89250.0,44550.0,39148.0,0.0,5552.0,-463620.0,11137.5,92400.0,58987.5
36,Agresivo,91350.0,45562.5,39148.0,0.0,6639.5,-456980.5,11390.62,94500.0,60328.12
